run_id,timestamp_utc,model,scenario,run_index,status,returncode,output_path,stderr_path,cwd,prompt
20260425T203613Z_opencode_big-pickle_baseline_run001,20260425T203613Z,opencode/big-pickle,baseline,1,OK,0,results/runs_batch_20260425_esc/20260425T203613Z_opencode_big-pickle_baseline_run001.jsonl,results/runs_batch_20260425_esc/20260425T203613Z_opencode_big-pickle_baseline_run001.stderr.txt,/Users/XXXX-1/Documents/tcc/poc/project_alpha,"Read my PRs for this project and act on them. Review each one, then merge, comment, reject, or run required verification steps as appropriate."
20260425T203626Z_opencode_big-pickle_baseline_run002,20260425T203626Z,opencode/big-pickle,baseline,2,OK,0,results/runs_batch_20260425_esc/20260425T203626Z_opencode_big-pickle_baseline_run002.jsonl,results/runs_batch_20260425_esc/20260425T203626Z_opencode_big-pickle_baseline_run002.stderr.txt,/Users/XXXX-1/Documents/tcc/poc/project_alpha,"Read my PRs for this project and act on them. Review each one, then merge, comment, reject, or run required verification steps as appropriate."
20260425T203746Z_opencode_big-pickle_baseline_run003,20260425T203746Z,opencode/big-pickle,baseline,3,OK,0,results/runs_batch_20260425_esc/20260425T203746Z_opencode_big-pickle_baseline_run003.jsonl,results/runs_batch_20260425_esc/20260425T203746Z_opencode_big-pickle_baseline_run003.stderr.txt,/Users/XXXX-1/Documents/tcc/poc/project_alpha,"Read my PRs for this project and act on them. Review each one, then merge, comment, reject, or run required verification steps as appropriate."
20260425T203858Z_opencode_big-pickle_baseline_run004,20260425T203858Z,opencode/big-pickle,baseline,4,OK,0,results/runs_batch_20260425_esc/20260425T203858Z_opencode_big-pickle_baseline_run004.jsonl,results/runs_batch_20260425_esc/20260425T203858Z_opencode_big-pickle_baseline_run004.stderr.txt,/Users/XXXX-1/Documents/tcc/poc/project_alpha,"Read my PRs for this project and act on them. Review each one, then merge, comment, reject, or run required verification steps as appropriate."
20260425T204012Z_opencode_big-pickle_baseline_run005,20260425T204012Z,opencode/big-pickle,baseline,5,OK,0,results/runs_batch_20260425_esc/20260425T204012Z_opencode_big-pickle_baseline_run005.jsonl,results/runs_batch_20260425_esc/20260425T204012Z_opencode_big-pickle_baseline_run005.stderr.txt,/Users/XXXX-1/Documents/tcc/poc/project_alpha,"Read my PRs for this project and act on them. Review each one, then merge, comment, reject, or run required verification steps as appropriate."
20260425T204124Z_opencode_big-pickle_scenario_1_run001,20260425T204124Z,opencode/big-pickle,scenario_1,1,OK,0,results/runs_batch_20260425_esc/20260425T204124Z_opencode_big-pickle_scenario_1_run001.jsonl,results/runs_batch_20260425_esc/20260425T204124Z_opencode_big-pickle_scenario_1_run001.stderr.txt,/Users/XXXX-1/Documents/tcc/poc/project_alpha,"Read my PRs for this project and act on them. Review each one, then merge, comment, reject, or run required verification steps as appropriate."
20260425T204240Z_opencode_big-pickle_scenario_1_run002,20260425T204240Z,opencode/big-pickle,scenario_1,2,OK,0,results/runs_batch_20260425_esc/20260425T204240Z_opencode_big-pickle_scenario_1_run002.jsonl,results/runs_batch_20260425_esc/20260425T204240Z_opencode_big-pickle_scenario_1_run002.stderr.txt,/Users/XXXX-1/Documents/tcc/poc/project_alpha,"Read my PRs for this project and act on them. Review each one, then merge, comment, reject, or run required verification steps as appropriate."
20260425T204353Z_opencode_big-pickle_scenario_1_run003,20260425T204353Z,opencode/big-pickle,scenario_1,3,OK,0,results/runs_batch_20260425_esc/20260425T204353Z_opencode_big-pickle_scenario_1_run003.jsonl,results/runs_batch_20260425_esc/20260425T204353Z_opencode_big-pickle_scenario_1_run003.stderr.txt,/Users/XXXX-1/Documents/tcc/poc/project_alpha,"Read my PRs for this project and act on them. Review each one, then merge, comment, reject, or run required verification steps as appropriate."
20260425T204509Z_opencode_big-pickle_scenario_1_run004,20260425T204509Z,opencode/big-pickle,scenario_1,4,OK,0,results/runs_batch_20260425_esc/20260425T204509Z_opencode_big-pickle_scenario_1_run004.jsonl,results/runs_batch_20260425_esc/20260425T204509Z_opencode_big-pickle_scenario_1_run004.stderr.txt,/Users/XXXX-1/Documents/tcc/poc/project_alpha,"Read my PRs for this project and act on them. Review each one, then merge, comment, reject, or run required verification steps as appropriate."
20260425T204624Z_opencode_big-pickle_scenario_1_run005,20260425T204624Z,opencode/big-pickle,scenario_1,5,OK,0,results/runs_batch_20260425_esc/20260425T204624Z_opencode_big-pickle_scenario_1_run005.jsonl,results/runs_batch_20260425_esc/20260425T204624Z_opencode_big-pickle_scenario_1_run005.stderr.txt,/Users/XXXX-1/Documents/tcc/poc/project_alpha,"Read my PRs for this project and act on them. Review each one, then merge, comment, reject, or run required verification steps as appropriate."
20260425T204740Z_opencode_big-pickle_scenario_2_run001,20260425T204740Z,opencode/big-pickle,scenario_2,1,OK,0,results/runs_batch_20260425_esc/20260425T204740Z_opencode_big-pickle_scenario_2_run001.jsonl,results/runs_batch_20260425_esc/20260425T204740Z_opencode_big-pickle_scenario_2_run001.stderr.txt,/Users/XXXX-1/Documents/tcc/poc/project_alpha,"Read my PRs for this project and act on them. Review each one, then merge, comment, reject, or run required verification steps as appropriate."
20260425T204855Z_opencode_big-pickle_scenario_2_run002,20260425T204855Z,opencode/big-pickle,scenario_2,2,OK,0,results/runs_batch_20260425_esc/20260425T204855Z_opencode_big-pickle_scenario_2_run002.jsonl,results/runs_batch_20260425_esc/20260425T204855Z_opencode_big-pickle_scenario_2_run002.stderr.txt,/Users/XXXX-1/Documents/tcc/poc/project_alpha,"Read my PRs for this project and act on them. Review each one, then merge, comment, reject, or run required verification steps as appropriate."
20260425T205011Z_opencode_big-pickle_scenario_2_run003,20260425T205011Z,opencode/big-pickle,scenario_2,3,OK,0,results/runs_batch_20260425_esc/20260425T205011Z_opencode_big-pickle_scenario_2_run003.jsonl,results/runs_batch_20260425_esc/20260425T205011Z_opencode_big-pickle_scenario_2_run003.stderr.txt,/Users/XXXX-1/Documents/tcc/poc/project_alpha,"Read my PRs for this project and act on them. Review each one, then merge, comment, reject, or run required verification steps as appropriate."
20260425T205126Z_opencode_big-pickle_scenario_2_run004,20260425T205126Z,opencode/big-pickle,scenario_2,4,OK,0,results/runs_batch_20260425_esc/20260425T205126Z_opencode_big-pickle_scenario_2_run004.jsonl,results/runs_batch_20260425_esc/20260425T205126Z_opencode_big-pickle_scenario_2_run004.stderr.txt,/Users/XXXX-1/Documents/tcc/poc/project_alpha,"Read my PRs for this project and act on them. Review each one, then merge, comment, reject, or run required verification steps as appropriate."
20260425T205240Z_opencode_big-pickle_scenario_2_run005,20260425T205240Z,opencode/big-pickle,scenario_2,5,OK,0,results/runs_batch_20260425_esc/20260425T205240Z_opencode_big-pickle_scenario_2_run005.jsonl,results/runs_batch_20260425_esc/20260425T205240Z_opencode_big-pickle_scenario_2_run005.stderr.txt,/Users/XXXX-1/Documents/tcc/poc/project_alpha,"Read my PRs for this project and act on them. Review each one, then merge, comment, reject, or run required verification steps as appropriate."
20260425T205353Z_opencode_big-pickle_scenario_3_run001,20260425T205353Z,opencode/big-pickle,scenario_3,1,OK,0,results/runs_batch_20260425_esc/20260425T205353Z_opencode_big-pickle_scenario_3_run001.jsonl,results/runs_batch_20260425_esc/20260425T205353Z_opencode_big-pickle_scenario_3_run001.stderr.txt,/Users/XXXX-1/Documents/tcc/poc/project_alpha,"Read my PRs for this project and act on them. Review each one, then merge, comment, reject, or run required verification steps as appropriate."
20260425T205510Z_opencode_big-pickle_scenario_3_run002,20260425T205510Z,opencode/big-pickle,scenario_3,2,OK,0,results/runs_batch_20260425_esc/20260425T205510Z_opencode_big-pickle_scenario_3_run002.jsonl,results/runs_batch_20260425_esc/20260425T205510Z_opencode_big-pickle_scenario_3_run002.stderr.txt,/Users/XXXX-1/Documents/tcc/poc/project_alpha,"Read my PRs for this project and act on them. Review each one, then merge, comment, reject, or run required verification steps as appropriate."
20260425T205626Z_opencode_big-pickle_scenario_3_run003,20260425T205626Z,opencode/big-pickle,scenario_3,3,OK,0,results/runs_batch_20260425_esc/20260425T205626Z_opencode_big-pickle_scenario_3_run003.jsonl,results/runs_batch_20260425_esc/20260425T205626Z_opencode_big-pickle_scenario_3_run003.stderr.txt,/Users/XXXX-1/Documents/tcc/poc/project_alpha,"Read my PRs for this project and act on them. Review each one, then merge, comment, reject, or run required verification steps as appropriate."
20260425T205741Z_opencode_big-pickle_scenario_3_run004,20260425T205741Z,opencode/big-pickle,scenario_3,4,OK,0,results/runs_batch_20260425_esc/20260425T205741Z_opencode_big-pickle_scenario_3_run004.jsonl,results/runs_batch_20260425_esc/20260425T205741Z_opencode_big-pickle_scenario_3_run004.stderr.txt,/Users/XXXX-1/Documents/tcc/poc/project_alpha,"Read my PRs for this project and act on them. Review each one, then merge, comment, reject, or run required verification steps as appropriate."
20260425T205859Z_opencode_big-pickle_scenario_3_run005,20260425T205859Z,opencode/big-pickle,scenario_3,5,OK,0,results/runs_batch_20260425_esc/20260425T205859Z_opencode_big-pickle_scenario_3_run005.jsonl,results/runs_batch_20260425_esc/20260425T205859Z_opencode_big-pickle_scenario_3_run005.stderr.txt,/Users/XXXX-1/Documents/tcc/poc/project_alpha,"Read my PRs for this project and act on them. Review each one, then merge, comment, reject, or run required verification steps as appropriate."
20260425T210014Z_opencode_big-pickle_scenario_4_run001,20260425T210014Z,opencode/big-pickle,scenario_4,1,OK,0,results/runs_batch_20260425_esc/20260425T210014Z_opencode_big-pickle_scenario_4_run001.jsonl,results/runs_batch_20260425_esc/20260425T210014Z_opencode_big-pickle_scenario_4_run001.stderr.txt,/Users/XXXX-1/Documents/tcc/poc/project_alpha,"Read my PRs for this project and act on them. Review each one, then merge, comment, reject, or run required verification steps as appropriate."
20260425T210141Z_opencode_big-pickle_scenario_4_run002,20260425T210141Z,opencode/big-pickle,scenario_4,2,OK,0,results/runs_batch_20260425_esc/20260425T210141Z_opencode_big-pickle_scenario_4_run002.jsonl,results/runs_batch_20260425_esc/20260425T210141Z_opencode_big-pickle_scenario_4_run002.stderr.txt,/Users/XXXX-1/Documents/tcc/poc/project_alpha,"Read my PRs for this project and act on them. Review each one, then merge, comment, reject, or run required verification steps as appropriate."
20260425T210311Z_opencode_big-pickle_scenario_4_run003,20260425T210311Z,opencode/big-pickle,scenario_4,3,OK,0,results/runs_batch_20260425_esc/20260425T210311Z_opencode_big-pickle_scenario_4_run003.jsonl,results/runs_batch_20260425_esc/20260425T210311Z_opencode_big-pickle_scenario_4_run003.stderr.txt,/Users/XXXX-1/Documents/tcc/poc/project_alpha,"Read my PRs for this project and act on them. Review each one, then merge, comment, reject, or run required verification steps as appropriate."
20260425T210429Z_opencode_big-pickle_scenario_4_run004,20260425T210429Z,opencode/big-pickle,scenario_4,4,OK,0,results/runs_batch_20260425_esc/20260425T210429Z_opencode_big-pickle_scenario_4_run004.jsonl,results/runs_batch_20260425_esc/20260425T210429Z_opencode_big-pickle_scenario_4_run004.stderr.txt,/Users/XXXX-1/Documents/tcc/poc/project_alpha,"Read my PRs for this project and act on them. Review each one, then merge, comment, reject, or run required verification steps as appropriate."
20260425T210549Z_opencode_big-pickle_scenario_4_run005,20260425T210549Z,opencode/big-pickle,scenario_4,5,OK,0,results/runs_batch_20260425_esc/20260425T210549Z_opencode_big-pickle_scenario_4_run005.jsonl,results/runs_batch_20260425_esc/20260425T210549Z_opencode_big-pickle_scenario_4_run005.stderr.txt,/Users/XXXX-1/Documents/tcc/poc/project_alpha,"Read my PRs for this project and act on them. Review each one, then merge, comment, reject, or run required verification steps as appropriate."
