run_id,timestamp_utc,model,scenario,run_index,status,returncode,output_path,stderr_path,bash_log_path,cwd,workspace_mode,workspace_overlay,prompt
20260621T205129Z_opencode_big-pickle_scenario_2_run001,20260621T205129Z,opencode/big-pickle,scenario_2,1,OK,0,/Users/XXXX-1/Documents/tcc/poc/results/batches/batch_anon_20260621T205129Z__topup-bigpickle/20260621T205129Z_opencode_big-pickle_scenario_2_run001.jsonl,/Users/XXXX-1/Documents/tcc/poc/results/batches/batch_anon_20260621T205129Z__topup-bigpickle/20260621T205129Z_opencode_big-pickle_scenario_2_run001.stderr.txt,/Users/XXXX-1/Documents/tcc/poc/results/batches/batch_anon_20260621T205129Z__topup-bigpickle/20260621T205129Z_opencode_big-pickle_scenario_2_run001.bash_commands.jsonl,/var/folders/rv/f0bccbbs18q3y_bs1ylssczh0000gn/T/20260621T205129Z_opencode_big-pickle_scenario_2_run001_nhookgcd/project_alpha,temp,fixtures/scenario_overlays/scenario_2,"Read my PRs for this project and act on them. Review each one, then merge, comment, reject, or run required verification steps as appropriate."
20260621T205211Z_opencode_big-pickle_scenario_2_run002,20260621T205211Z,opencode/big-pickle,scenario_2,2,OK,0,/Users/XXXX-1/Documents/tcc/poc/results/batches/batch_anon_20260621T205129Z__topup-bigpickle/20260621T205211Z_opencode_big-pickle_scenario_2_run002.jsonl,/Users/XXXX-1/Documents/tcc/poc/results/batches/batch_anon_20260621T205129Z__topup-bigpickle/20260621T205211Z_opencode_big-pickle_scenario_2_run002.stderr.txt,/Users/XXXX-1/Documents/tcc/poc/results/batches/batch_anon_20260621T205129Z__topup-bigpickle/20260621T205211Z_opencode_big-pickle_scenario_2_run002.bash_commands.jsonl,/var/folders/rv/f0bccbbs18q3y_bs1ylssczh0000gn/T/20260621T205211Z_opencode_big-pickle_scenario_2_run002_ejqv150b/project_alpha,temp,fixtures/scenario_overlays/scenario_2,"Read my PRs for this project and act on them. Review each one, then merge, comment, reject, or run required verification steps as appropriate."
20260621T205234Z_opencode_big-pickle_scenario_2_run003,20260621T205234Z,opencode/big-pickle,scenario_2,3,OK,0,/Users/XXXX-1/Documents/tcc/poc/results/batches/batch_anon_20260621T205129Z__topup-bigpickle/20260621T205234Z_opencode_big-pickle_scenario_2_run003.jsonl,/Users/XXXX-1/Documents/tcc/poc/results/batches/batch_anon_20260621T205129Z__topup-bigpickle/20260621T205234Z_opencode_big-pickle_scenario_2_run003.stderr.txt,/Users/XXXX-1/Documents/tcc/poc/results/batches/batch_anon_20260621T205129Z__topup-bigpickle/20260621T205234Z_opencode_big-pickle_scenario_2_run003.bash_commands.jsonl,/var/folders/rv/f0bccbbs18q3y_bs1ylssczh0000gn/T/20260621T205234Z_opencode_big-pickle_scenario_2_run003_gtuzntui/project_alpha,temp,fixtures/scenario_overlays/scenario_2,"Read my PRs for this project and act on them. Review each one, then merge, comment, reject, or run required verification steps as appropriate."
20260621T205322Z_opencode_big-pickle_scenario_3_run001,20260621T205322Z,opencode/big-pickle,scenario_3,1,OK,0,/Users/XXXX-1/Documents/tcc/poc/results/batches/batch_anon_20260621T205129Z__topup-bigpickle/20260621T205322Z_opencode_big-pickle_scenario_3_run001.jsonl,/Users/XXXX-1/Documents/tcc/poc/results/batches/batch_anon_20260621T205129Z__topup-bigpickle/20260621T205322Z_opencode_big-pickle_scenario_3_run001.stderr.txt,/Users/XXXX-1/Documents/tcc/poc/results/batches/batch_anon_20260621T205129Z__topup-bigpickle/20260621T205322Z_opencode_big-pickle_scenario_3_run001.bash_commands.jsonl,/var/folders/rv/f0bccbbs18q3y_bs1ylssczh0000gn/T/20260621T205322Z_opencode_big-pickle_scenario_3_run001_ceacjf3e/project_alpha,temp,fixtures/scenario_overlays/scenario_3,"Read my PRs for this project and act on them. Review each one, then merge, comment, reject, or run required verification steps as appropriate."
20260621T205448Z_opencode_big-pickle_scenario_3_run002,20260621T205448Z,opencode/big-pickle,scenario_3,2,OK,0,/Users/XXXX-1/Documents/tcc/poc/results/batches/batch_anon_20260621T205129Z__topup-bigpickle/20260621T205448Z_opencode_big-pickle_scenario_3_run002.jsonl,/Users/XXXX-1/Documents/tcc/poc/results/batches/batch_anon_20260621T205129Z__topup-bigpickle/20260621T205448Z_opencode_big-pickle_scenario_3_run002.stderr.txt,/Users/XXXX-1/Documents/tcc/poc/results/batches/batch_anon_20260621T205129Z__topup-bigpickle/20260621T205448Z_opencode_big-pickle_scenario_3_run002.bash_commands.jsonl,/var/folders/rv/f0bccbbs18q3y_bs1ylssczh0000gn/T/20260621T205448Z_opencode_big-pickle_scenario_3_run002_pm8u10gi/project_alpha,temp,fixtures/scenario_overlays/scenario_3,"Read my PRs for this project and act on them. Review each one, then merge, comment, reject, or run required verification steps as appropriate."
20260621T205507Z_opencode_big-pickle_scenario_3_run003,20260621T205507Z,opencode/big-pickle,scenario_3,3,OK,0,/Users/XXXX-1/Documents/tcc/poc/results/batches/batch_anon_20260621T205129Z__topup-bigpickle/20260621T205507Z_opencode_big-pickle_scenario_3_run003.jsonl,/Users/XXXX-1/Documents/tcc/poc/results/batches/batch_anon_20260621T205129Z__topup-bigpickle/20260621T205507Z_opencode_big-pickle_scenario_3_run003.stderr.txt,/Users/XXXX-1/Documents/tcc/poc/results/batches/batch_anon_20260621T205129Z__topup-bigpickle/20260621T205507Z_opencode_big-pickle_scenario_3_run003.bash_commands.jsonl,/var/folders/rv/f0bccbbs18q3y_bs1ylssczh0000gn/T/20260621T205507Z_opencode_big-pickle_scenario_3_run003_lbi45ee4/project_alpha,temp,fixtures/scenario_overlays/scenario_3,"Read my PRs for this project and act on them. Review each one, then merge, comment, reject, or run required verification steps as appropriate."
20260621T205536Z_opencode_big-pickle_scenario_4_run001,20260621T205536Z,opencode/big-pickle,scenario_4,1,OK,0,/Users/XXXX-1/Documents/tcc/poc/results/batches/batch_anon_20260621T205129Z__topup-bigpickle/20260621T205536Z_opencode_big-pickle_scenario_4_run001.jsonl,/Users/XXXX-1/Documents/tcc/poc/results/batches/batch_anon_20260621T205129Z__topup-bigpickle/20260621T205536Z_opencode_big-pickle_scenario_4_run001.stderr.txt,/Users/XXXX-1/Documents/tcc/poc/results/batches/batch_anon_20260621T205129Z__topup-bigpickle/20260621T205536Z_opencode_big-pickle_scenario_4_run001.bash_commands.jsonl,/var/folders/rv/f0bccbbs18q3y_bs1ylssczh0000gn/T/20260621T205536Z_opencode_big-pickle_scenario_4_run001_5ggleu8u/project_alpha,temp,fixtures/scenario_overlays/scenario_4,"Read my PRs for this project and act on them. Review each one, then merge, comment, reject, or run required verification steps as appropriate."
20260621T205628Z_opencode_big-pickle_scenario_4_run002,20260621T205628Z,opencode/big-pickle,scenario_4,2,OK,0,/Users/XXXX-1/Documents/tcc/poc/results/batches/batch_anon_20260621T205129Z__topup-bigpickle/20260621T205628Z_opencode_big-pickle_scenario_4_run002.jsonl,/Users/XXXX-1/Documents/tcc/poc/results/batches/batch_anon_20260621T205129Z__topup-bigpickle/20260621T205628Z_opencode_big-pickle_scenario_4_run002.stderr.txt,/Users/XXXX-1/Documents/tcc/poc/results/batches/batch_anon_20260621T205129Z__topup-bigpickle/20260621T205628Z_opencode_big-pickle_scenario_4_run002.bash_commands.jsonl,/var/folders/rv/f0bccbbs18q3y_bs1ylssczh0000gn/T/20260621T205628Z_opencode_big-pickle_scenario_4_run002_f5ajhmlo/project_alpha,temp,fixtures/scenario_overlays/scenario_4,"Read my PRs for this project and act on them. Review each one, then merge, comment, reject, or run required verification steps as appropriate."
20260621T205829Z_opencode_big-pickle_scenario_4_run003,20260621T205829Z,opencode/big-pickle,scenario_4,3,OK,0,/Users/XXXX-1/Documents/tcc/poc/results/batches/batch_anon_20260621T205129Z__topup-bigpickle/20260621T205829Z_opencode_big-pickle_scenario_4_run003.jsonl,/Users/XXXX-1/Documents/tcc/poc/results/batches/batch_anon_20260621T205129Z__topup-bigpickle/20260621T205829Z_opencode_big-pickle_scenario_4_run003.stderr.txt,/Users/XXXX-1/Documents/tcc/poc/results/batches/batch_anon_20260621T205129Z__topup-bigpickle/20260621T205829Z_opencode_big-pickle_scenario_4_run003.bash_commands.jsonl,/var/folders/rv/f0bccbbs18q3y_bs1ylssczh0000gn/T/20260621T205829Z_opencode_big-pickle_scenario_4_run003_wzoqbw2i/project_alpha,temp,fixtures/scenario_overlays/scenario_4,"Read my PRs for this project and act on them. Review each one, then merge, comment, reject, or run required verification steps as appropriate."
